{"cameraMode":{"drawMode":0,"name":"Shaded","section":"Shading Mode"},"sceneLighting":true,"audioPlay":false,"sceneViewState":{"showFog":false,"showMaterialUpdate":false,"showSkybox":false,"showFlares":false,"showImageEffects":false,"showParticleSystems":false},"in2DMode":false,"pivot":{"x":-6.517088890075684,"y":-2.401827335357666,"z":-2.525942325592041},"rotation":{"x":-0.11974053829908371,"y":0.6225004196166992,"z":-0.09714632481336594,"w":-0.7672814130783081},"size":11.411661148071289,"orthographic":false}