{"cameraMode":{"drawMode":0,"name":"Shaded","section":"Shading Mode"},"sceneLighting":true,"audioPlay":false,"sceneViewState":{"showFog":false,"showMaterialUpdate":false,"showSkybox":false,"showFlares":false,"showImageEffects":false,"showParticleSystems":false},"in2DMode":false,"pivot":{"x":-6.178926944732666,"y":-2.1030566692352297,"z":-3.6121888160705568},"rotation":{"x":-0.11052019894123078,"y":0.6592036485671997,"z":-0.09882635623216629,"w":-0.7372056841850281},"size":11.411661148071289,"orthographic":false}